{
    "rounds": [
        {
            "fold": 1,
            "train_report": {
                "1": {
                    "precision": 0.7191358024691358,
                    "recall": 0.4038128249566724,
                    "f1-score": 0.5172031076581576,
                    "support": 577
                },
                "2": {
                    "precision": 0.8449152542372881,
                    "recall": 0.8692240627724499,
                    "f1-score": 0.8568972926514826,
                    "support": 1147
                },
                "3": {
                    "precision": 0.684154175588865,
                    "recall": 0.8949579831932774,
                    "f1-score": 0.7754854368932038,
                    "support": 714
                },
                "accuracy": 0.7666119770303528,
                "macro avg": {
                    "precision": 0.7494017440984296,
                    "recall": 0.7226649569741332,
                    "f1-score": 0.716528612400948,
                    "support": 2438
                },
                "weighted avg": {
                    "precision": 0.7680661345386836,
                    "recall": 0.7666119770303528,
                    "f1-score": 0.7526595528021964,
                    "support": 2438
                }
            },
            "test_report": {
                "1": {
                    "precision": 0.7215189873417721,
                    "recall": 0.4351145038167939,
                    "f1-score": 0.5428571428571428,
                    "support": 131
                },
                "2": {
                    "precision": 0.8726591760299626,
                    "recall": 0.8351254480286738,
                    "f1-score": 0.8534798534798534,
                    "support": 279
                },
                "3": {
                    "precision": 0.725,
                    "recall": 0.9398148148148148,
                    "f1-score": 0.8185483870967741,
                    "support": 216
                },
                "accuracy": 0.7875399361022364,
                "macro avg": {
                    "precision": 0.7730593877905783,
                    "recall": 0.7366849222200941,
                    "f1-score": 0.7382951278112567,
                    "support": 626
                },
                "weighted avg": {
                    "precision": 0.790081305837271,
                    "recall": 0.7875399361022364,
                    "f1-score": 0.7764243074250288,
                    "support": 626
                }
            },
            "rule_length": 549,
            "num_nodes": 135.0,
            "num_leaves": 91.0,
            "num_features_used": 12,
            "num_parameters": 237,
            "max_depth_reached": 5,
            "configured_max_depth": 5,
            "num_fuzzy_sets": 3,
            "training_time_sec": 2.418097972869873
        },
        {
            "fold": 2,
            "train_report": {
                "1": {
                    "precision": 0.7412140575079872,
                    "recall": 0.41207815275310833,
                    "f1-score": 0.5296803652968036,
                    "support": 563
                },
                "2": {
                    "precision": 0.8777251184834123,
                    "recall": 0.8342342342342343,
                    "f1-score": 0.8554272517321017,
                    "support": 1110
                },
                "3": {
                    "precision": 0.6669838249286394,
                    "recall": 0.9396782841823056,
                    "f1-score": 0.780189204229271,
                    "support": 746
                },
                "accuracy": 0.7684993799090534,
                "macro avg": {
                    "precision": 0.7619743336400129,
                    "recall": 0.7286635570565494,
                    "f1-score": 0.7217656070860587,
                    "support": 2419
                },
                "weighted avg": {
                    "precision": 0.7809625172758783,
                    "recall": 0.7684993799090534,
                    "f1-score": 0.7564098559073044,
                    "support": 2419
                }
            },
            "test_report": {
                "1": {
                    "precision": 0.8461538461538461,
                    "recall": 0.3793103448275862,
                    "f1-score": 0.5238095238095238,
                    "support": 145
                },
                "2": {
                    "precision": 0.8782894736842105,
                    "recall": 0.8449367088607594,
                    "f1-score": 0.8612903225806451,
                    "support": 316
                },
                "3": {
                    "precision": 0.644927536231884,
                    "recall": 0.967391304347826,
                    "f1-score": 0.773913043478261,
                    "support": 184
                },
                "accuracy": 0.7751937984496124,
                "macro avg": {
                    "precision": 0.7897902853566469,
                    "recall": 0.7305461193453905,
                    "f1-score": 0.7196709632894766,
                    "support": 645
                },
                "weighted avg": {
                    "precision": 0.8044937178964107,
                    "recall": 0.7751937984496124,
                    "f1-score": 0.7604963145548291,
                    "support": 645
                }
            },
            "rule_length": 564,
            "num_nodes": 138.0,
            "num_leaves": 93.0,
            "num_features_used": 11,
            "num_parameters": 231,
            "max_depth_reached": 5,
            "configured_max_depth": 5,
            "num_fuzzy_sets": 3,
            "training_time_sec": 2.4176297187805176
        },
        {
            "fold": 3,
            "train_report": {
                "1": {
                    "precision": 0.7489177489177489,
                    "recall": 0.33657587548638135,
                    "f1-score": 0.4644295302013423,
                    "support": 514
                },
                "2": {
                    "precision": 0.8733850129198967,
                    "recall": 0.8666666666666667,
                    "f1-score": 0.8700128700128702,
                    "support": 1170
                },
                "3": {
                    "precision": 0.6753731343283582,
                    "recall": 0.9282051282051282,
                    "f1-score": 0.7818574514038877,
                    "support": 780
                },
                "accuracy": 0.7755681818181818,
                "macro avg": {
                    "precision": 0.7658919653886679,
                    "recall": 0.7104825567860589,
                    "f1-score": 0.7054332838727001,
                    "support": 2464
                },
                "weighted avg": {
                    "precision": 0.7847383250146597,
                    "recall": 0.7755681818181818,
                    "f1-score": 0.7575002632035636,
                    "support": 2464
                }
            },
            "test_report": {
                "1": {
                    "precision": 0.7787610619469026,
                    "recall": 0.4536082474226804,
                    "f1-score": 0.5732899022801303,
                    "support": 194
                },
                "2": {
                    "precision": 0.8961038961038961,
                    "recall": 0.80859375,
                    "f1-score": 0.8501026694045174,
                    "support": 256
                },
                "3": {
                    "precision": 0.53125,
                    "recall": 0.9066666666666666,
                    "f1-score": 0.6699507389162561,
                    "support": 150
                },
                "accuracy": 0.7183333333333334,
                "macro avg": {
                    "precision": 0.7353716526835995,