{
    "rounds": [
        {
            "fold": 1,
            "train_report": {
                "1": {
                    "precision": 0.8307984790874525,
                    "recall": 0.75736568457539,
                    "f1-score": 0.7923844061650046,
                    "support": 577
                },
                "2": {
                    "precision": 0.9318385650224216,
                    "recall": 0.9058413251961639,
                    "f1-score": 0.918656056587091,
                    "support": 1147
                },
                "3": {
                    "precision": 0.8306148055207027,
                    "recall": 0.927170868347339,
                    "f1-score": 0.8762409000661814,
                    "support": 714
                },
                "accuracy": 0.8769483182936834,
                "macro avg": {
                    "precision": 0.8644172832101923,
                    "recall": 0.8634592927062976,
                    "f1-score": 0.8624271209394258,
                    "support": 2438
                },
                "weighted avg": {
                    "precision": 0.8782807742641342,
                    "recall": 0.8769483182936834,
                    "f1-score": 0.876349590611097,
                    "support": 2438
                }
            },
            "test_report": {
                "1": {
                    "precision": 0.8380952380952381,
                    "recall": 0.6717557251908397,
                    "f1-score": 0.7457627118644068,
                    "support": 131
                },
                "2": {
                    "precision": 0.969811320754717,
                    "recall": 0.921146953405018,
                    "f1-score": 0.9448529411764707,
                    "support": 279
                },
                "3": {
                    "precision": 0.80859375,
                    "recall": 0.9583333333333334,
                    "f1-score": 0.8771186440677965,
                    "support": 216
                },
                "accuracy": 0.8817891373801917,
                "macro avg": {
                    "precision": 0.8721667696166517,
                    "recall": 0.850412003976397,
                    "f1-score": 0.8559114323695581,
                    "support": 626
                },
                "weighted avg": {
                    "precision": 0.8866199435799397,
                    "recall": 0.8817891373801917,
                    "f1-score": 0.8798187108005058,
                    "support": 626
                }
            },
            "rule_length": 1249.0,
            "num_nodes": 309.0,
            "num_leaves": 240.0,
            "num_features_used": 9,
            "num_parameters": 432,
            "max_depth_reached": 5,
            "configured_max_depth": 5,
            "num_fuzzy_sets": 5,
            "training_time_sec": 2.214660882949829
        },
        {
            "fold": 2,
            "train_report": {
                "1": {
                    "precision": 0.831013916500994,
                    "recall": 0.7424511545293073,
                    "f1-score": 0.7842401500938085,
                    "support": 563
                },
                "2": {
                    "precision": 0.9237832874196511,
                    "recall": 0.9063063063063063,
                    "f1-score": 0.9149613460663939,
                    "support": 1110
                },
                "3": {
                    "precision": 0.8174123337363967,
                    "recall": 0.9061662198391421,
                    "f1-score": 0.859504132231405,
                    "support": 746
                },
                "accuracy": 0.86812732534105,
                "macro avg": {
                    "precision": 0.857403179219014,
                    "recall": 0.8516412268915853,
                    "f1-score": 0.8529018761305358,
                    "support": 2419
                },
                "weighted avg": {
                    "precision": 0.8693881293895098,
                    "recall": 0.86812732534105,
                    "f1-score": 0.8674346346759569,
                    "support": 2419
                }
            },
            "test_report": {
                "1": {
                    "precision": 0.8813559322033898,
                    "recall": 0.7172413793103448,
                    "f1-score": 0.7908745247148289,
                    "support": 145
                },
                "2": {
                    "precision": 0.8724035608308606,
                    "recall": 0.930379746835443,
                    "f1-score": 0.900459418070444,
                    "support": 316
                },
                "3": {
                    "precision": 0.8157894736842105,
                    "recall": 0.842391304347826,
                    "f1-score": 0.8288770053475936,
                    "support": 184
                },
                "accuracy": 0.8573643410852713,
                "macro avg": {
                    "precision": 0.856516322239487,
                    "recall": 0.8300041434978712,
                    "f1-score": 0.8400703160442888,
                    "support": 645
                },
                "weighted avg": {
                    "precision": 0.8582657341859509,
                    "recall": 0.8573643410852713,
                    "f1-score": 0.8554036452370043,
                    "support": 645
                }
            },
            "rule_length": 1090.0,
            "num_nodes": 275.0,
            "num_leaves": 217.0,
            "num_features_used": 9,
            "num_parameters": 398,
            "max_depth_reached": 5,
            "configured_max_depth": 5,
            "num_fuzzy_sets": 5,
            "training_time_sec": 2.0050547122955322
        },
        {
            "fold": 3,
            "train_report": {
                "1": {
                    "precision": 0.8217592592592593,
                    "recall": 0.6906614785992218,
                    "f1-score": 0.7505285412262157,
                    "support": 514
                },
                "2": {
                    "precision": 0.9335083114610674,
                    "recall": 0.911965811965812,
                    "f1-score": 0.922611327280588,
                    "support": 1170
                },
                "3": {
                    "precision": 0.81214848143982,
                    "recall": 0.9256410256410257,
                    "f1-score": 0.8651887357699222,
                    "support": 780
                },
                "accuracy": 0.8701298701298701,
                "macro avg": {
                    "precision": 0.8558053507200488,
                    "recall": 0.8427561054020197,
                    "f1-score": 0.8461095347589086,
                    "support": 2464
                },
                "weighted avg": {
                    "precision": 0.8717795451265291,
                    "recall": 0.8701298701298701,
                    "f1-score": 0.8685365815783692,
                    "support": 2464
                }
            },
            "test_report": {
                "1": {
                    "precision": 0.8253968253968254,
                    "recall": 0.8041237113402062,
                    "f1-score": 0.814621409921671,
                    "support": 194
                },
                "2": {
                    "precision": 0.960352422907489,
                    "recall": 0.8515625,
                    "f1-score": 0.9026915113871636,
                    "support": 256
                },
                "3": {
                    "precision": 0.75,
                    "recall": 0.92,
                    "f1-score": 0.8263473053892216,
                    "support": 150
                },
                "accuracy": 0.8533333333333334,
                "macro avg": {
                    "precision": 0.8452497494347715,
                    "recall": 0.8585620704467355,