{
    "rounds": [
        {
            "fold": 1,
            "train_report": {
                "1": {
                    "precision": 0.7575757575757576,
                    "recall": 0.1733102253032929,
                    "f1-score": 0.2820874471086037,
                    "support": 577
                },
                "2": {
                    "precision": 0.8181818181818182,
                    "recall": 0.8631211857018308,
                    "f1-score": 0.8400509121764954,
                    "support": 1147
                },
                "3": {
                    "precision": 0.5675182481751825,
                    "recall": 0.8711484593837535,
                    "f1-score": 0.6872928176795581,
                    "support": 714
                },
                "accuracy": 0.7022149302707137,
                "macro avg": {
                    "precision": 0.7144252746442527,
                    "recall": 0.6358599567962925,
                    "f1-score": 0.6031437256548857,
                    "support": 2438
                },
                "weighted avg": {
                    "precision": 0.7304281323924684,
                    "recall": 0.7022149302707137,
                    "f1-score": 0.6632608388315461,
                    "support": 2438
                }
            },
            "test_report": {
                "1": {
                    "precision": 0.875,
                    "recall": 0.21374045801526717,
                    "f1-score": 0.34355828220858897,
                    "support": 131
                },
                "2": {
                    "precision": 0.8060200668896321,
                    "recall": 0.8637992831541219,
                    "f1-score": 0.8339100346020762,
                    "support": 279
                },
                "3": {
                    "precision": 0.6542372881355932,
                    "recall": 0.8935185185185185,
                    "f1-score": 0.7553816046966731,
                    "support": 216
                },
                "accuracy": 0.7380191693290735,
                "macro avg": {
                    "precision": 0.7784191183417418,
                    "recall": 0.6570194198959691,
                    "f1-score": 0.6442833071691129,
                    "support": 626
                },
                "weighted avg": {
                    "precision": 0.7680828321078204,
                    "recall": 0.7380191693290735,
                    "f1-score": 0.704200417312757,
                    "support": 626
                }
            },
            "rule_length": 84,
            "num_nodes": 33.0,
            "num_leaves": 23.0,
            "num_features_used": 7,
            "num_parameters": 90,
            "max_depth_reached": 3,
            "configured_max_depth": 3,
            "num_fuzzy_sets": 3,
            "training_time_sec": 1.1522958278656006
        },
        {
            "fold": 2,
            "train_report": {
                "1": {
                    "precision": 0.75177304964539,
                    "recall": 0.1882770870337478,
                    "f1-score": 0.30113636363636365,
                    "support": 563
                },
                "2": {
                    "precision": 0.8310991957104558,
                    "recall": 0.8378378378378378,
                    "f1-score": 0.8344549125168237,
                    "support": 1110
                },
                "3": {
                    "precision": 0.5720448662640207,
                    "recall": 0.8887399463806971,
                    "f1-score": 0.6960629921259843,
                    "support": 746
                },
                "accuracy": 0.7023563455973543,
                "macro avg": {
                    "precision": 0.7183057038732888,
                    "recall": 0.6382849570840943,
                    "f1-score": 0.6105514227597238,
                    "support": 2419
                },
                "weighted avg": {
                    "precision": 0.7327465086489955,
                    "recall": 0.7023563455973543,
                    "f1-score": 0.6676509788122907,
                    "support": 2419
                }
            },
            "test_report": {
                "1": {
                    "precision": 0.8333333333333334,
                    "recall": 0.13793103448275862,
                    "f1-score": 0.2366863905325444,
                    "support": 145
                },
                "2": {
                    "precision": 0.8137535816618912,
                    "recall": 0.8987341772151899,
                    "f1-score": 0.8541353383458646,
                    "support": 316
                },
                "3": {
                    "precision": 0.5845588235294118,
                    "recall": 0.8641304347826086,
                    "f1-score": 0.6973684210526315,
                    "support": 184
                },
                "accuracy": 0.7178294573643411,
                "macro avg": {
                    "precision": 0.7438819128415455,
                    "recall": 0.6335985488268524,
                    "f1-score": 0.5960633833103469,
                    "support": 645
                },
                "weighted avg": {
                    "precision": 0.7527725405703918,
                    "recall": 0.7178294573643411,
                    "f1-score": 0.6706078806483664,
                    "support": 645
                }
            },
            "rule_length": 84,
            "num_nodes": 33.0,
            "num_leaves": 23.0,
            "num_features_used": 7,
            "num_parameters": 90,
            "max_depth_reached": 3,
            "configured_max_depth": 3,
            "num_fuzzy_sets": 3,
            "training_time_sec": 1.030083179473877
        },
        {
            "fold": 3,
            "train_report": {
                "1": {
                    "precision": 0.78125,
                    "recall": 0.14591439688715954,
                    "f1-score": 0.24590163934426232,
                    "support": 514
                },
                "2": {
                    "precision": 0.8349593495934959,
                    "recall": 0.8777777777777778,
                    "f1-score": 0.8558333333333332,
                    "support": 1170
                },
                "3": {
                    "precision": 0.6177504393673111,
                    "recall": 0.9012820512820513,
                    "f1-score": 0.7330552659019812,
                    "support": 780
                },
                "accuracy": 0.7325487012987013,
                "macro avg": {
                    "precision": 0.7446532629869357,
                    "recall": 0.6416580753156628,
                    "f1-score": 0.6115967461931923,
                    "support": 2464
                },
                "weighted avg": {
                    "precision": 0.754996055897278,
                    "recall": 0.7325487012987013,
                    "f1-score": 0.6897327719263375,
                    "support": 2464
                }
            },
            "test_report": {
                "1": {
                    "precision": 0.7719298245614035,
                    "recall": 0.2268041237113402,
                    "f1-score": 0.350597609561753,
                    "support": 194
                },
                "2": {
                    "precision": 0.7924528301886793,
                    "recall": 0.8203125,
                    "f1-score": 0.8061420345489443,
                    "support": 256
                },
                "3": {
                    "precision": 0.43884892086330934,
                    "recall": 0.8133333333333334,
                    "f1-score": 0.5700934579439252,
                    "support": 150
                },
                "accuracy": 0.6266666666666667,
                "macro avg": {
                    "precision": 0.6677438585377974,