{
    "rounds": [
        {
            "fold": 1,
            "train_report": {
                "1": {
                    "precision": 0.8301886792452831,
                    "recall": 0.7625649913344887,
                    "f1-score": 0.7949412827461608,
                    "support": 577
                },
                "2": {
                    "precision": 0.9276257722859664,
                    "recall": 0.916303400174368,
                    "f1-score": 0.9219298245614035,
                    "support": 1147
                },
                "3": {
                    "precision": 0.8451612903225807,
                    "recall": 0.9173669467787114,
                    "f1-score": 0.8797850906648759,
                    "support": 714
                },
                "accuracy": 0.8802296964725185,
                "macro avg": {
                    "precision": 0.8676585806179434,
                    "recall": 0.8654117794291895,
                    "f1-score": 0.8655520659908135,
                    "support": 2438
                },
                "weighted avg": {
                    "precision": 0.880414598042188,
                    "recall": 0.8802296964725185,
                    "f1-score": 0.8795328891104126,
                    "support": 2438
                }
            },
            "test_report": {
                "1": {
                    "precision": 0.8425925925925926,
                    "recall": 0.6946564885496184,
                    "f1-score": 0.7615062761506277,
                    "support": 131
                },
                "2": {
                    "precision": 0.9664179104477612,
                    "recall": 0.9283154121863799,
                    "f1-score": 0.9469835466179158,
                    "support": 279
                },
                "3": {
                    "precision": 0.824,
                    "recall": 0.9537037037037037,
                    "f1-score": 0.8841201716738197,
                    "support": 216
                },
                "accuracy": 0.8881789137380192,
                "macro avg": {
                    "precision": 0.8776701676801179,
                    "recall": 0.8588918681465674,
                    "f1-score": 0.8642033314807879,
                    "support": 626
                },
                "weighted avg": {
                    "precision": 0.8913645793044008,
                    "recall": 0.8881789137380192,
                    "f1-score": 0.8864787360442106,
                    "support": 626
                }
            },
            "rule_length": 1730.0,
            "num_nodes": 387.0,
            "num_leaves": 301.0,
            "num_features_used": 12,
            "num_parameters": 555,
            "max_depth_reached": 7,
            "configured_max_depth": 7,
            "num_fuzzy_sets": 5,
            "training_time_sec": 2.2951059341430664
        },
        {
            "fold": 2,
            "train_report": {
                "1": {
                    "precision": 0.8346303501945526,
                    "recall": 0.7619893428063943,
                    "f1-score": 0.7966573816155988,
                    "support": 563
                },
                "2": {
                    "precision": 0.9340659340659341,
                    "recall": 0.918918918918919,
                    "f1-score": 0.9264305177111717,
                    "support": 1110
                },
                "3": {
                    "precision": 0.8474784747847478,
                    "recall": 0.9235924932975871,
                    "f1-score": 0.8838999358563181,
                    "support": 746
                },
                "accuracy": 0.8838362959900785,
                "macro avg": {
                    "precision": 0.8720582530150781,
                    "recall": 0.8681669183409668,
                    "f1-score": 0.8689959450610295,
                    "support": 2419
                },
                "weighted avg": {
                    "precision": 0.8842203456643827,
                    "recall": 0.8838362959900785,
                    "f1-score": 0.8831109271011972,
                    "support": 2419
                }
            },
            "test_report": {
                "1": {
                    "precision": 0.8813559322033898,
                    "recall": 0.7172413793103448,
                    "f1-score": 0.7908745247148289,
                    "support": 145
                },
                "2": {
                    "precision": 0.8851963746223565,
                    "recall": 0.9272151898734177,
                    "f1-score": 0.9057187017001546,
                    "support": 316
                },
                "3": {
                    "precision": 0.8163265306122449,
                    "recall": 0.8695652173913043,
                    "f1-score": 0.8421052631578948,
                    "support": 184
                },
                "accuracy": 0.8635658914728682,
                "macro avg": {
                    "precision": 0.8609596124793303,
                    "recall": 0.838007262191689,
                    "f1-score": 0.8462328298576262,
                    "support": 645
                },
                "weighted avg": {
                    "precision": 0.864686428190402,
                    "recall": 0.8635658914728682,
                    "f1-score": 0.8617539290572895,
                    "support": 645
                }
            },
            "rule_length": 1427.0,
            "num_nodes": 330.0,
            "num_leaves": 257.0,
            "num_features_used": 10,
            "num_parameters": 468,
            "max_depth_reached": 7,
            "configured_max_depth": 7,
            "num_fuzzy_sets": 5,
            "training_time_sec": 2.0453433990478516
        },
        {
            "fold": 3,
            "train_report": {
                "1": {
                    "precision": 0.8276643990929705,
                    "recall": 0.7101167315175098,
                    "f1-score": 0.7643979057591623,
                    "support": 514
                },
                "2": {
                    "precision": 0.9381533101045296,
                    "recall": 0.9205128205128205,
                    "f1-score": 0.9292493528904227,
                    "support": 1170
                },
                "3": {
                    "precision": 0.8297142857142857,
                    "recall": 0.9307692307692308,
                    "f1-score": 0.8773413897280966,
                    "support": 780
                },
                "accuracy": 0.8798701298701299,
                "macro avg": {
                    "precision": 0.8651773316372618,
                    "recall": 0.8537995942665203,
                    "f1-score": 0.8569962161258938,
                    "support": 2464
                },
                "weighted avg": {
                    "precision": 0.8807776042261484,
                    "recall": 0.8798701298701299,
                    "f1-score": 0.8784287948173373,
                    "support": 2464
                }
            },
            "test_report": {
                "1": {
                    "precision": 0.8238341968911918,
                    "recall": 0.8195876288659794,
                    "f1-score": 0.821705426356589,
                    "support": 194
                },
                "2": {
                    "precision": 0.961038961038961,
                    "recall": 0.8671875,
                    "f1-score": 0.9117043121149897,
                    "support": 256
                },
                "3": {
                    "precision": 0.7840909090909091,
                    "recall": 0.92,
                    "f1-score": 0.8466257668711655,
                    "support": 150
                },
                "accuracy": 0.865,
                "macro avg": {
                    "precision": 0.8563213556736873,