{
    "rounds": [
        {
            "fold": 1,
            "train_report": {
                "1": {
                    "precision": 0.7530120481927711,
                    "recall": 0.6499133448873483,
                    "f1-score": 0.6976744186046512,
                    "support": 577
                },
                "2": {
                    "precision": 0.8842471714534378,
                    "recall": 0.8857890148212729,
                    "f1-score": 0.8850174216027875,
                    "support": 1147
                },
                "3": {
                    "precision": 0.8116308470290771,
                    "recall": 0.8991596638655462,
                    "f1-score": 0.853156146179402,
                    "support": 714
                },
                "accuracy": 0.8338802296964725,
                "macro avg": {
                    "precision": 0.8162966888917621,
                    "recall": 0.8116206745247224,
                    "f1-score": 0.8119493287956137,
                    "support": 2438
                },
                "weighted avg": {
                    "precision": 0.8319211986230858,
                    "recall": 0.8338802296964725,
                    "f1-score": 0.8313480764911296,
                    "support": 2438
                }
            },
            "test_report": {
                "1": {
                    "precision": 0.6416666666666667,
                    "recall": 0.5877862595419847,
                    "f1-score": 0.6135458167330677,
                    "support": 131
                },
                "2": {
                    "precision": 0.9176029962546817,
                    "recall": 0.8781362007168458,
                    "f1-score": 0.8974358974358974,
                    "support": 279
                },
                "3": {
                    "precision": 0.8075313807531381,
                    "recall": 0.8935185185185185,
                    "f1-score": 0.8483516483516484,
                    "support": 216
                },
                "accuracy": 0.8226837060702875,
                "macro avg": {
                    "precision": 0.788933681224829,
                    "recall": 0.7864803262591163,
                    "f1-score": 0.7864444541735378,
                    "support": 626
                },
                "weighted avg": {
                    "precision": 0.8218791494106508,
                    "recall": 0.8226837060702875,
                    "f1-score": 0.8210911715984078,
                    "support": 626
                }
            },
            "rule_length": 1281,
            "num_nodes": 249.0,
            "num_leaves": 167.0,
            "num_features_used": 12,
            "num_parameters": 351,
            "max_depth_reached": 7,
            "configured_max_depth": 7,
            "num_fuzzy_sets": 3,
            "training_time_sec": 3.140824317932129
        },
        {
            "fold": 2,
            "train_report": {
                "1": {
                    "precision": 0.7688984881209503,
                    "recall": 0.6323268206039077,
                    "f1-score": 0.6939571150097467,
                    "support": 563
                },
                "2": {
                    "precision": 0.8975069252077562,
                    "recall": 0.8756756756756757,
                    "f1-score": 0.8864569083447333,
                    "support": 1110
                },
                "3": {
                    "precision": 0.7926689576174112,
                    "recall": 0.9276139410187667,
                    "f1-score": 0.8548486720197652,
                    "support": 746
                },
                "accuracy": 0.8350558081852005,
                "macro avg": {
                    "precision": 0.8196914569820392,
                    "recall": 0.8118721457661167,
                    "f1-score": 0.811754231791415,
                    "support": 2419
                },
                "weighted avg": {
                    "precision": 0.8352433146652721,
                    "recall": 0.8350558081852005,
                    "f1-score": 0.831906628085939,
                    "support": 2419
                }
            },
            "test_report": {
                "1": {
                    "precision": 0.8217821782178217,
                    "recall": 0.5724137931034483,
                    "f1-score": 0.6747967479674798,
                    "support": 145
                },
                "2": {
                    "precision": 0.8757763975155279,
                    "recall": 0.8924050632911392,
                    "f1-score": 0.8840125391849529,
                    "support": 316
                },
                "3": {
                    "precision": 0.7702702702702703,
                    "recall": 0.9293478260869565,
                    "f1-score": 0.8423645320197045,
                    "support": 184
                },
                "accuracy": 0.8310077519379845,
                "macro avg": {
                    "precision": 0.82260961533454,
                    "recall": 0.7980555608271813,
                    "f1-score": 0.8003912730573791,
                    "support": 645
                },
                "weighted avg": {
                    "precision": 0.8335402902111949,
                    "recall": 0.8310077519379845,
                    "f1-score": 0.8250985499679928,
                    "support": 645
                }
            },
            "rule_length": 1212,
            "num_nodes": 240.0,
            "num_leaves": 161.0,
            "num_features_used": 13,
            "num_parameters": 351,
            "max_depth_reached": 7,
            "configured_max_depth": 7,
            "num_fuzzy_sets": 3,
            "training_time_sec": 3.0529518127441406
        },
        {
            "fold": 3,
            "train_report": {
                "1": {
                    "precision": 0.7513661202185792,
                    "recall": 0.5350194552529183,
                    "f1-score": 0.625,
                    "support": 514
                },
                "2": {
                    "precision": 0.8752039151712887,
                    "recall": 0.917094017094017,
                    "f1-score": 0.8956594323873122,
                    "support": 1170
                },
                "3": {
                    "precision": 0.8119266055045872,
                    "recall": 0.9076923076923077,
                    "f1-score": 0.8571428571428571,
                    "support": 780
                },
                "accuracy": 0.8344155844155844,
                "macro avg": {
                    "precision": 0.8128322136314851,
                    "recall": 0.7866019266797477,
                    "f1-score": 0.792600763176723,
                    "support": 2464
                },
                "weighted avg": {
                    "precision": 0.8293399021251362,
                    "recall": 0.8344155844155844,
                    "f1-score": 0.8270060732404966,
                    "support": 2464
                }
            },
            "test_report": {
                "1": {
                    "precision": 0.8300653594771242,
                    "recall": 0.654639175257732,
                    "f1-score": 0.7319884726224785,
                    "support": 194
                },
                "2": {
                    "precision": 0.8641509433962264,
                    "recall": 0.89453125,
                    "f1-score": 0.8790786948176583,
                    "support": 256
                },
                "3": {
                    "precision": 0.7252747252747253,
                    "recall": 0.88,
                    "f1-score": 0.7951807228915663,
                    "support": 150
                },
                "accuracy": 0.8133333333333334,
                "macro avg": {
                    "precision": 0.8064970093826921,