{
    "rounds": [
        {
            "fold": 1,
            "train_report": {
                "1": {
                    "precision": 0.7385496183206107,
                    "recall": 0.6707105719237435,
                    "f1-score": 0.7029972752043597,
                    "support": 577
                },
                "2": {
                    "precision": 0.8993766696349065,
                    "recall": 0.8805579773321709,
                    "f1-score": 0.8898678414096916,
                    "support": 1147
                },
                "3": {
                    "precision": 0.8230088495575221,
                    "recall": 0.9117647058823529,
                    "f1-score": 0.8651162790697673,
                    "support": 714
                },
                "accuracy": 0.8400328137817884,
                "macro avg": {
                    "precision": 0.8203117125043464,
                    "recall": 0.8210110850460891,
                    "f1-score": 0.8193271318946062,
                    "support": 2438
                },
                "weighted avg": {
                    "precision": 0.838948518632609,
                    "recall": 0.8400328137817884,
                    "f1-score": 0.8383924795511262,
                    "support": 2438
                }
            },
            "test_report": {
                "1": {
                    "precision": 0.6422764227642277,
                    "recall": 0.6030534351145038,
                    "f1-score": 0.6220472440944882,
                    "support": 131
                },
                "2": {
                    "precision": 0.9253731343283582,
                    "recall": 0.8888888888888888,
                    "f1-score": 0.906764168190128,
                    "support": 279
                },
                "3": {
                    "precision": 0.8297872340425532,
                    "recall": 0.9027777777777778,
                    "f1-score": 0.8647450110864745,
                    "support": 216
                },
                "accuracy": 0.8338658146964856,
                "macro avg": {
                    "precision": 0.7991455970450464,
                    "recall": 0.7982400339270569,
                    "f1-score": 0.7978521411236968,
                    "support": 626
                },
                "weighted avg": {
                    "precision": 0.8331491348449157,
                    "recall": 0.8338658146964856,
                    "f1-score": 0.8326842081407383,
                    "support": 626
                }
            },
            "rule_length": 1812,
            "num_nodes": 309.0,
            "num_leaves": 207.0,
            "num_features_used": 13,
            "num_parameters": 420,
            "max_depth_reached": 10,
            "configured_max_depth": 15,
            "num_fuzzy_sets": 3,
            "training_time_sec": 3.5729012489318848
        },
        {
            "fold": 2,
            "train_report": {
                "1": {
                    "precision": 0.7567567567567568,
                    "recall": 0.6465364120781527,
                    "f1-score": 0.6973180076628352,
                    "support": 563
                },
                "2": {
                    "precision": 0.8943598925693823,
                    "recall": 0.9,
                    "f1-score": 0.8971710821733273,
                    "support": 1110
                },
                "3": {
                    "precision": 0.833130328867235,
                    "recall": 0.9168900804289544,
                    "f1-score": 0.8730057434588384,
                    "support": 746
                },
                "accuracy": 0.8462174452252997,
                "macro avg": {
                    "precision": 0.828082326064458,
                    "recall": 0.8211421641690357,
                    "f1-score": 0.8224982777650003,
                    "support": 2419
                },
                "weighted avg": {
                    "precision": 0.843451327052925,
                    "recall": 0.8462174452252997,
                    "f1-score": 0.8432047226733621,
                    "support": 2419
                }
            },
            "test_report": {
                "1": {
                    "precision": 0.8235294117647058,
                    "recall": 0.5793103448275863,
                    "f1-score": 0.680161943319838,
                    "support": 145
                },
                "2": {
                    "precision": 0.8632218844984803,
                    "recall": 0.8987341772151899,
                    "f1-score": 0.8806201550387597,
                    "support": 316
                },
                "3": {
                    "precision": 0.780373831775701,
                    "recall": 0.907608695652174,
                    "f1-score": 0.8391959798994975,
                    "support": 184
                },
                "accuracy": 0.8294573643410853,
                "macro avg": {
                    "precision": 0.8223750426796291,
                    "recall": 0.7952177392316501,
                    "f1-score": 0.7999926927526984,
                    "support": 645
                },
                "weighted avg": {
                    "precision": 0.8306645972932264,
                    "recall": 0.8294573643410853,
                    "f1-score": 0.8237387768606699,
                    "support": 645
                }
            },
            "rule_length": 1683,
            "num_nodes": 294.0,
            "num_leaves": 197.0,
            "num_features_used": 14,
            "num_parameters": 414,
            "max_depth_reached": 10,
            "configured_max_depth": 15,
            "num_fuzzy_sets": 3,
            "training_time_sec": 3.474551200866699
        },
        {
            "fold": 3,
            "train_report": {
                "1": {
                    "precision": 0.7293233082706767,
                    "recall": 0.566147859922179,
                    "f1-score": 0.6374589266155531,
                    "support": 514
                },
                "2": {
                    "precision": 0.8852459016393442,
                    "recall": 0.9230769230769231,
                    "f1-score": 0.9037656903765692,
                    "support": 1170
                },
                "3": {
                    "precision": 0.8355029585798817,
                    "recall": 0.9051282051282051,
                    "f1-score": 0.8689230769230769,
                    "support": 780
                },
                "accuracy": 0.8429383116883117,
                "macro avg": {
                    "precision": 0.8166907228299675,
                    "recall": 0.7981176627091023,
                    "f1-score": 0.8033825646383997,
                    "support": 2464
                },
                "weighted avg": {
                    "precision": 0.8369732926385829,
                    "recall": 0.8429383116883117,
                    "f1-score": 0.8371833384825407,
                    "support": 2464
                }
            },
            "test_report": {
                "1": {
                    "precision": 0.823170731707317,
                    "recall": 0.6958762886597938,
                    "f1-score": 0.7541899441340782,
                    "support": 194
                },
                "2": {
                    "precision": 0.8854961832061069,
                    "recall": 0.90625,
                    "f1-score": 0.8957528957528957,
                    "support": 256
                },
                "3": {
                    "precision": 0.764367816091954,
                    "recall": 0.8866666666666667,
                    "f1-score": 0.8209876543209876,
                    "support": 150
                },
                "accuracy": 0.8333333333333334,
                "macro avg": {
                    "precision": 0.824344910335126,