{
    "rounds": [
        {
            "fold": 1,
            "train_report": {
                "1": {
                    "precision": 0.7730496453900709,
                    "recall": 0.5667244367417678,
                    "f1-score": 0.654,
                    "support": 577
                },
                "2": {
                    "precision": 0.8801369863013698,
                    "recall": 0.8962510897994769,
                    "f1-score": 0.888120950323974,
                    "support": 1147
                },
                "3": {
                    "precision": 0.7083825265643447,
                    "recall": 0.8403361344537815,
                    "f1-score": 0.7687379884689302,
                    "support": 714
                },
                "accuracy": 0.8018867924528302,
                "macro avg": {
                    "precision": 0.7871897194185952,
                    "recall": 0.7677705536650087,
                    "f1-score": 0.7702863129309679,
                    "support": 2438
                },
                "weighted avg": {
                    "precision": 0.8044921626926514,
                    "recall": 0.8018867924528302,
                    "f1-score": 0.7977488325629263,
                    "support": 2438
                }
            },
            "test_report": {
                "1": {
                    "precision": 0.7524752475247525,
                    "recall": 0.5801526717557252,
                    "f1-score": 0.6551724137931034,
                    "support": 131
                },
                "2": {
                    "precision": 0.9377289377289377,
                    "recall": 0.9175627240143369,
                    "f1-score": 0.927536231884058,
                    "support": 279
                },
                "3": {
                    "precision": 0.7579365079365079,
                    "recall": 0.8842592592592593,
                    "f1-score": 0.8162393162393162,
                    "support": 216
                },
                "accuracy": 0.8354632587859425,
                "macro avg": {
                    "precision": 0.816046897730066,
                    "recall": 0.7939915516764403,
                    "f1-score": 0.7996493206388259,
                    "support": 626
                },
                "weighted avg": {
                    "precision": 0.8369247871667762,
                    "recall": 0.8354632587859425,
                    "f1-score": 0.8321372000163595,
                    "support": 626
                }
            },
            "rule_length": 195.0,
            "num_nodes": 75.0,
            "num_leaves": 60.0,
            "num_features_used": 7,
            "num_parameters": 168,
            "max_depth_reached": 3,
            "configured_max_depth": 3,
            "num_fuzzy_sets": 5,
            "training_time_sec": 1.348374605178833
        },
        {
            "fold": 2,
            "train_report": {
                "1": {
                    "precision": 0.7945945945945946,
                    "recall": 0.522202486678508,
                    "f1-score": 0.630225080385852,
                    "support": 563
                },
                "2": {
                    "precision": 0.9056776556776557,
                    "recall": 0.890990990990991,
                    "f1-score": 0.8982742960944596,
                    "support": 1110
                },
                "3": {
                    "precision": 0.696969696969697,
                    "recall": 0.8941018766756033,
                    "f1-score": 0.7833235466823253,
                    "support": 746
                },
                "accuracy": 0.8061182306738321,
                "macro avg": {
                    "precision": 0.7990806490806491,
                    "recall": 0.7690984514483675,
                    "f1-score": 0.7706076410542123,
                    "support": 2419
                },
                "weighted avg": {
                    "precision": 0.8154602515495446,
                    "recall": 0.8061182306738321,
                    "f1-score": 0.8004384269314178,
                    "support": 2419
                }
            },
            "test_report": {
                "1": {
                    "precision": 0.8522727272727273,
                    "recall": 0.5172413793103449,
                    "f1-score": 0.6437768240343348,
                    "support": 145
                },
                "2": {
                    "precision": 0.8290598290598291,
                    "recall": 0.9208860759493671,
                    "f1-score": 0.8725637181409295,
                    "support": 316
                },
                "3": {
                    "precision": 0.6747572815533981,
                    "recall": 0.7554347826086957,
                    "f1-score": 0.7128205128205128,
                    "support": 184
                },
                "accuracy": 0.7829457364341085,
                "macro avg": {
                    "precision": 0.7853632792953181,
                    "recall": 0.7311874126228025,
                    "f1-score": 0.7430536849985924,
                    "support": 645
                },
                "weighted avg": {
                    "precision": 0.7902601414624445,
                    "recall": 0.7829457364341085,
                    "f1-score": 0.7755608508162584,
                    "support": 645
                }
            },
            "rule_length": 195.0,
            "num_nodes": 75.0,
            "num_leaves": 60.0,
            "num_features_used": 7,
            "num_parameters": 168,
            "max_depth_reached": 3,
            "configured_max_depth": 3,
            "num_fuzzy_sets": 5,
            "training_time_sec": 1.287146806716919
        },
        {
            "fold": 3,
            "train_report": {
                "1": {
                    "precision": 0.765079365079365,
                    "recall": 0.4688715953307393,
                    "f1-score": 0.5814234016887816,
                    "support": 514
                },
                "2": {
                    "precision": 0.8772504091653028,
                    "recall": 0.9162393162393162,
                    "f1-score": 0.8963210702341137,
                    "support": 1170
                },
                "3": {
                    "precision": 0.7216828478964401,
                    "recall": 0.8576923076923076,
                    "f1-score": 0.7838312829525482,
                    "support": 780
                },
                "accuracy": 0.8043831168831169,
                "macro avg": {
                    "precision": 0.7880042073803694,
                    "recall": 0.7476010730874544,
                    "f1-score": 0.7538585849584812,
                    "support": 2464
                },
                "weighted avg": {
                    "precision": 0.8046048675866158,
                    "recall": 0.8043831168831169,
                    "f1-score": 0.7950225979484312,
                    "support": 2464
                }
            },
            "test_report": {
                "1": {
                    "precision": 0.7984496124031008,
                    "recall": 0.5309278350515464,
                    "f1-score": 0.6377708978328174,
                    "support": 194
                },
                "2": {
                    "precision": 0.9049586776859504,
                    "recall": 0.85546875,
                    "f1-score": 0.8795180722891567,
                    "support": 256
                },
                "3": {
                    "precision": 0.5633187772925764,
                    "recall": 0.86,
                    "f1-score": 0.6807387862796834,
                    "support": 150
                },
                "accuracy": 0.7516666666666667,
                "macro avg": {
                    "precision": 0.7555756891272091,